Attribute,pc1,pc2,pc3,pc4,pc5,pc6,pc7,pc8
buildUpPlaySpeed,-0.5019986585070298,-0.3921298828292863,-0.4158567562464116,-0.37505883593464184,-0.13559807454850914,-0.30653122792864035,-0.30402268852299813,-0.27540425390240875
buildUpPlayPassing,-0.3440059365407674,-0.43080640730081166,-0.03429438729319473,-0.16234636248179285,0.3211115232910622,0.5649407509716475,0.2998442350879914,0.39541886756725864
chanceCreationPassing,0.4513459378612251,0.011826296768200711,0.06287166523996292,-0.6823360859808629,0.5361749920086236,-0.09977195919207008,0.011108311933284973,-0.17044102225905838
chanceCreationCrossing,0.09332530750211714,0.34121849593399606,-0.305352898101588,-0.492184794097589,-0.5936123175899621,0.18764006608446074,0.3485627623232577,0.1740508081541859
chanceCreationShooting,0.03945176973591155,-0.33849193336424016,0.7475711958526796,-0.2731745295302971,-0.44117581129407096,0.1044144279581443,-0.21139469631082675,-0.012392158576498974
defencePressure,0.4094738849460444,-0.5641791847418942,-0.17784799111264696,0.2127115984953441,-0.18122408353399644,0.006943114756875798,0.4819383160239218,-0.41473116259413084
defenceAggression,-0.49763569914641564,0.28377937080760934,0.35119507728927457,-0.0660604352640371,0.10565029812780258,-0.09478287356941623,0.5409465756959476,-0.4809958833980398
defenceTeamWidth,-0.019180724298499152,-0.17511253071524485,0.12191485344979064,-0.030192608000869595,0.001046766566509755,-0.7223454459083385,0.3556245068015234,0.5522137697936567
